"","points","points_last","avg_age","club_transfer_ratio","manager_change","star_players","played_internationally","squad_size","foreigners","promotion"
"1",71,75,23.7,0.529436769394261,0,0,0,41,0.707317073170732,0
"2",75,79,23,2.79944636678201,0,0,1,42,0.69047619047619,0
"3",79,73,23.8,1.53417628733736,0,0,1,37,0.810810810810811,0
"4",73,70,23.8,1.85719859539602,0,0,1,36,0.805555555555556,0
"5",70,68,23.3,3.20287769784173,0,0,1,44,0.75,0
"6",68,75,23.4,1.11554921540656,0,0,1,34,0.794117647058823,0
"7",75,72,21.7,0.575620767494357,0,0,1,45,0.688888888888889,0
"8",72,83,21.3,1.36793587174349,0,0,1,38,0.789473684210526,0
"9",83,68,22.3,0.740039008080245,0,0,1,32,0.875,0
"10",68,67,22.8,0.838244924688933,0,0,1,35,0.857142857142857,0
"11",67,83,23.3,2.85401459854015,0,0,1,33,0.848484848484849,0
"12",83,90,22.9,0.972818311874106,0,1,1,32,0.875,0
"13",90,78,23.7,2.81950087057458,0,1,1,32,0.71875,0
"14",78,87,25.2,0.944099378881988,0,0,1,31,0.67741935483871,0
"15",87,70,25.9,1.23192904656319,0,0,1,27,0.555555555555556,0
"16",70,73,25.3,2.8294413242684,0,0,1,33,0.666666666666667,0
"17",73,78,25,2.10958904109589,0,0,1,33,0.545454545454545,0
"18",78,78,23.6,1.61503301168106,0,0,1,36,0.527777777777778,0
"19",78,68,25.2,1.97260273972603,0,0,1,30,0.433333333333333,0
"20",68,63,26.2,0.928443649373882,1,0,1,32,0.3125,0
"21",63,51,25.8,1.87951807228916,1,0,0,30,0.266666666666667,0
"22",51,71,25.3,1.18561710398445,1,0,0,32,0.28125,0
"23",71,56,25.5,0.538653366583541,0,0,0,26,0.269230769230769,0
"24",56,0,24.3,1.76923076923077,0,0,0,31,0.258064516129032,0
"25",17,38,23.5,1.20042507970244,1,0,0,44,0.5,0
"26",38,38,24.3,0.316401384083045,1,0,0,38,0.5,0
"27",38,41,24,0.609492395088877,0,0,0,34,0.558823529411765,0
"28",41,38,24.1,0.923136948888022,1,0,0,31,0.612903225806452,0
"29",38,48,25.3,0.994532374100719,1,0,0,34,0.617647058823529,0
"30",48,64,25.1,1.81398002853067,1,0,1,39,0.512820512820513,0
"31",64,62,25.5,2.25,0,0,1,31,0.419354838709677,0
"32",62,60,25.4,1.90460921843687,0,0,1,21,0.380952380952381,0
"33",60,50,24.3,0.58985789913625,0,0,0,24,0.416666666666667,0
"34",50,42,24.8,1.37524557956778,1,0,0,31,0.580645161290323,0
"35",42,47,24,1.02627737226277,0,0,0,29,0.551724137931034,0
"36",47,56,23.8,0.716261325703386,0,0,0,26,0.615384615384615,0
"37",56,45,25.1,0.826465467208358,1,0,0,27,0.62962962962963,0
"38",45,50,25.3,0.798136645962733,0,0,0,29,0.620689655172414,0
"39",50,54,25.9,0.984035476718404,1,0,1,25,0.56,0
"40",54,58,25,1.17587939698492,0,0,0,28,0.428571428571429,0
"41",58,55,24,0.894246575342466,0,0,0,32,0.34375,0
"42",55,57,23.5,3.63026917216861,0,0,1,34,0.294117647058824,0
"43",57,61,23.4,0,1,0,1,28,0.357142857142857,0
"44",61,63,23.8,2.82826475849732,0,0,1,26,0.423076923076923,0
"45",63,48,23.8,1.13253012048193,0,0,0,25,0.32,0
"46",48,57,25.7,1.2108843537415,0,0,1,29,0.275862068965517,0
"47",57,74,25.1,1.80049875311721,1,0,1,27,0.37037037037037,0
"48",74,0,24.4,1.09502262443439,0,0,0,27,0.333333333333333,0
"49",35,0,26.2,0.581664910432034,0,0,0,27,0.444444444444444,1
"50",39,50,25.8,1.2416547788873,0,0,0,34,0.529411764705882,0
"51",50,0,25.5,0.961625282167043,0,0,0,36,0.5,1
"52",35,0,24.1,0.695179715798273,0,0,0,26,0.615384615384615,1
"53",34,45,25.5,0.502919708029197,0,0,0,33,0.515151515151515,0
"54",45,50,25.1,1.27801621363853,0,0,0,37,0.567567567567568,0
"55",50,48,26.5,1.63784097504353,0,0,0,27,0.592592592592593,0
"56",48,0,26.1,1.33333333333333,0,0,0,35,0.6,1
"57",31,43,24.5,1.00546762589928,0,0,0,36,0.666666666666667,0
"58",43,50,25.1,0.244793152639087,0,0,0,37,0.783783783783784,0
"59",50,41,25.3,0.637133182844244,1,0,0,35,0.828571428571429,0
"60",41,58,26.4,0.397995991983968,1,0,0,26,0.807692307692308,0
"61",58,52,24.3,0.146837559208693,1,0,1,37,0.810810810810811,0
"62",52,63,26.6,0.920104780615586,0,0,1,29,0.758620689655172,0
"63",63,42,26.7,0.583211678832117,0,0,0,27,0.777777777777778,0
"64",42,44,26.1,0.638054363376252,1,0,0,35,0.742857142857143,0
"65",44,60,25.3,2.20429483459083,0,0,1,34,0.676470588235294,0
"66",60,46,25.7,0.63768115942029,0,0,1,32,0.59375,0
"67",46,0,26.8,1.21951219512195,0,0,0,31,0.645161290322581,1
"68",35,58,24.1,4.35043169121381,0,0,1,37,0.594594594594595,0
"69",58,42,24.6,0.9072708113804,1,0,0,31,0.612903225806452,0
"70",42,61,24.3,0,0,0,0,28,0.464285714285714,0
"71",61,89,24.2,1.4578313253012,1,0,1,31,0.32258064516129,0
"72",89,84,24.7,1.61127308066084,0,0,1,26,0.307692307692308,0
"73",84,71,24.2,4.9925187032419,0,0,0,23,0.304347826086957,0
"74",71,0,23.6,4.97737556561086,0,0,0,25,0.28,0
"75",39,0,24.3,0.277888730385164,0,0,0,45,0.533333333333333,1
"76",36,46,25.2,0.763165467625899,0,0,0,37,0.513513513513513,0
"77",46,39,25.4,0.261911554921541,0,0,0,34,0.529411764705882,0
"78",39,41,25.3,0.575620767494357,1,0,0,32,0.5625,0
"79",41,37,24.6,0.807615230460922,0,0,0,28,0.642857142857143,0
"80",37,56,25.8,0.529395374756199,0,0,1,30,0.7,0
"81",56,56,24.6,0.946299934512115,1,0,0,34,0.764705882352941,0
"82",56,58,26,0.384671532846715,0,0,1,28,0.75,0
"83",58,53,27.3,0.111587982832618,0,0,0,28,0.714285714285714,0
"84",53,44,26.5,0.0740568775391758,0,0,0,31,0.645161290322581,0
"85",44,40,26.1,0,0,0,0,35,0.657142857142857,0
"86",40,0,25.9,0.117960088691796,0,0,0,40,0.6,1
"87",40,0,26.8,1.33508956796628,0,0,0,30,0.433333333333333,1
"88",29,0,24.3,0.867469879518072,1,0,0,27,0.518518518518518,1
"89",42,0,24.2,0.995536663124336,0,0,0,49,0.428571428571429,1
"90",26,36,27.8,0.331658291457286,1,0,0,35,0.4,0
"91",36,0,28.4,0.24986301369863,1,0,0,28,0.392857142857143,1
"92",33,0,25.5,0.297024221453287,0,0,0,30,0.433333333333333,1
"93",30,0,25,0.649548532731377,1,0,0,33,0.606060606060606,1
"94",30,0,24.6,1.42715777899945,1,0,0,39,0.923076923076923,1
"95",34,47,24.7,1.20497707924034,1,0,0,36,0.666666666666667,0
"96",47,46,25,0.564963503649635,1,0,0,36,0.583333333333333,0
"97",46,53,25.5,1.07391511683357,0,0,0,26,0.576923076923077,0
"98",53,49,25.7,0.148578061520604,0,0,0,31,0.516129032258065,0
"99",49,44,26.2,0.594202898550725,0,0,0,29,0.517241379310345,0
"100",44,52,26.3,0.509090909090909,0,0,0,29,0.482758620689655,0
"101",52,0,25.2,1.04522613065327,0,0,0,30,0.466666666666667,1
"102",36,0,26.6,0.340274250888776,0,0,0,30,0.233333333333333,1
"103",50,87,23.7,1.63506907545165,0,0,0,40,0.725,0
"104",87,82,23.9,3.2401384083045,1,0,1,38,0.736842105263158,0
"105",82,75,23.8,4.06083928898662,1,0,1,48,0.833333333333333,0
"106",75,64,25.3,3.5719859539602,0,0,1,31,0.709677419354839,0
"107",64,71,26.3,5.06071942446043,1,0,1,30,0.7,0
"108",71,86,24.5,5.89329529243937,0,0,1,33,0.666666666666667,0
"109",86,83,26.8,1.43905191873589,1,0,1,28,0.714285714285714,0
"110",83,85,25.6,1.03927855711423,1,0,1,28,0.75,0
"111",85,83,24.6,1.39732516021176,1,0,1,37,0.594594594594595,0
"112",83,91,23.2,4.920759659463,0,0,1,37,0.648648648648649,0
"113",91,95,24.5,5.67737226277372,0,1,1,27,0.703703703703704,0
"114",95,79,23.4,13.2465426800191,1,0,1,31,0.741935483870968,0
"115",79,67,24.8,16.523505513639,0,0,1,34,0.764705882352941,0
"116",67,64,25.2,0,0,0,1,31,0.741935483870968,0
"117",64,61,24.5,1.68869179600887,0,0,1,33,0.787878787878788,0
"118",61,65,26.2,2.53739284658587,1,0,1,35,0.8,0
"119",65,75,26.4,2.45479452054795,0,0,1,32,0.65625,0
"120",75,63,26.3,2.29862874555612,0,0,0,28,0.607142857142857,0
"121",63,59,25.1,1.59430979978925,1,0,0,35,0.514285714285714,0
"122",59,50,25.9,2.36672629695886,1,0,0,32,0.53125,0
"123",50,54,26.3,0.195180722891566,0,0,0,30,0.5,0
"124",54,51,25.4,1.01263362487852,0,0,0,30,0.433333333333333,0
"125",51,56,24.9,0.922693266832918,1,0,0,33,0.454545454545455,0
"126",56,0,24.5,1.12669683257919,1,0,0,35,0.485714285714286,0
"127",34,44,23.3,0.954773869346734,0,0,0,34,0.617647058823529,0
"128",44,42,24.1,1.75342465753425,0,0,0,39,0.58974358974359,0
"129",42,52,23.8,0.664296597257491,0,0,0,41,0.51219512195122,0
"130",52,41,24.7,0.752370916754478,0,0,0,32,0.53125,0
"131",41,38,24.3,0.334525939177102,0,0,0,33,0.515151515151515,0
"132",38,50,25.4,0.746987951807229,1,0,0,30,0.4,0
"133",50,56,26.5,1.10787172011662,1,0,0,28,0.428571428571429,0
"134",56,52,25.8,0.400498753117207,0,0,0,27,0.407407407407407,0
"135",52,0,24.9,0.561085972850679,1,0,0,27,0.333333333333333,0
"136",42,48,25.6,0.520297555791711,0,0,0,38,0.473684210526316,0
"137",48,45,26,0.734948096885813,1,0,0,42,0.571428571428571,0
"138",45,0,26.2,1.00934579439252,1,0,0,41,0.585365853658537,1
"139",33,0,24.1,0.417739628040057,0,0,0,36,0.5,1
"140",33,0,23.1,1.0927291886196,1,0,0,37,0.513513513513513,1
"141",45,0,25.5,0.229348882410107,0,0,0,25,0.36,1
"142",49,0,23.3,0.130769230769231,0,0,0,27,0.185185185185185,0
"143",11,0,25.8,0.53691836166063,0,0,0,41,0.560975609756098,1
"144",30,42,24.3,0.172949002217295,1,0,0,38,0.552631578947368,0
"145",42,38,23.5,0.669819686668637,1,0,0,35,0.6,0
"146",38,52,24.7,1.59342465753425,0,0,0,35,0.542857142857143,0
"147",52,55,24,0.0820721178263078,0,0,0,31,0.580645161290323,0
"148",55,46,24.4,0.206533192834563,0,0,0,30,0.566666666666667,0
"149",46,0,24.8,0.51520572450805,0,0,0,30,0.466666666666667,1
"150",47,47,24.7,0.888416578108395,0,0,0,39,0.487179487179487,0
"151",47,72,24.3,0.945051903114187,0,0,1,40,0.475,0
"152",72,63,25.9,0.990654205607477,1,0,0,30,0.733333333333333,0
"153",63,56,25.6,0.717908700741319,0,0,0,26,0.692307692307692,0
"154",56,54,25.6,0.352230215827338,0,0,0,34,0.705882352941177,0
"155",54,61,23.9,0.0827389443651926,0,0,0,32,0.65625,0
"156",61,63,23.1,1.11794582392777,0,0,1,42,0.547619047619048,0
"157",63,65,24.4,0.854108216432866,0,0,1,28,0.535714285714286,0
"158",65,58,24.4,0.889384229590415,0,0,1,29,0.517241379310345,0
"159",58,50,25,0.996725605762934,0,0,0,25,0.64,0
"160",50,61,26.3,2.01824817518248,0,0,1,29,0.655172413793103,0
"161",61,39,26.2,0.962327134000954,0,0,0,25,0.6,0
"162",39,59,26.1,0.993615786419037,0,0,0,31,0.516129032258065,0
"163",59,43,25.5,1.20807453416149,0,0,0,32,0.65625,0
"164",43,42,26.3,0.659866962305987,1,0,0,31,0.612903225806452,0
"165",42,50,25.3,1.73278155483299,0,0,0,35,0.571428571428571,0
"166",50,43,24.4,0.736438356164384,0,0,0,38,0.447368421052632,0
"167",43,40,23.9,2.534281361097,1,0,0,36,0.472222222222222,0
"168",40,42,23.8,0.710221285563751,1,0,0,36,0.388888888888889,0
"169",42,61,24.5,1.6350626118068,1,0,0,28,0.321428571428571,0
"170",61,50,25.8,1.76746987951807,0,0,0,25,0.32,0
"171",50,44,25.6,2,0,0,0,26,0.269230769230769,0
"172",44,53,26,0.912718204488778,1,0,0,23,0.260869565217391,0
"173",53,0,26.4,0.0461538461538462,1,0,0,26,0.307692307692308,0
"174",32,43,25.4,0.919186366135239,1,0,0,44,0.75,0
"175",43,52,26.9,0.331642606320718,1,0,0,33,0.878787878787879,0
"176",52,49,26.1,0.897841726618705,1,0,1,36,0.777777777777778,0
"177",49,46,27.5,0.535805991440799,1,0,0,34,0.794117647058823,0
"178",46,53,25.3,0.340857787810384,0,0,1,42,0.642857142857143,0
"179",53,36,25.3,0.914629258517034,0,0,0,32,0.625,0
"180",36,39,26.7,1.16829200334355,0,0,0,38,0.789473684210526,0
"181",39,48,26.3,0.768172888015717,1,0,0,34,0.764705882352941,0
"182",48,44,26.6,0.406569343065693,0,0,0,31,0.774193548387097,0
"183",44,52,24.9,1.1311397234144,0,0,0,34,0.676470588235294,0
"184",52,48,26.1,0.836912362159025,0,0,0,34,0.735294117647059,0
"185",48,44,26.2,0.263975155279503,1,0,1,30,0.766666666666667,0
"186",44,0,25.5,1.90731707317073,0,0,0,28,0.714285714285714,1
"187",35,37,26.1,1.12885813148789,0,0,1,35,0.685714285714286,0
"188",37,0,26.4,0.969030602895364,0,0,0,33,0.666666666666667,1
"189",30,35,26,0.712189616252822,1,0,0,37,0.621621621621622,0
"190",35,0,27.2,0.61122244488978,0,0,0,27,0.444444444444444,1
"191",36,66,24.7,0.762305986696231,0,0,1,31,0.451612903225806,0
"192",66,0,24.8,0.482412060301508,0,0,0,27,0.407407407407407,1
"193",27,43,25.2,0.168513119533528,0,0,0,34,0.323529411764706,0
"194",43,52,26.9,0.476807980049875,1,0,0,22,0.227272727272727,0
"195",52,0,25.9,0.28868778280543,0,0,0,24,0.291666666666667,0
"196",33,47,23.6,0.00986651189785258,0,0,0,34,0.529411764705882,0
"197",47,66,24.3,0.39648033126294,1,0,1,32,0.5,0
"198",66,68,24.1,1.74545454545455,0,0,1,26,0.5,0
"199",68,69,22.5,2.67100206916938,0,0,1,36,0.611111111111111,0
"200",69,67,22.7,3.32602739726027,0,0,1,33,0.545454545454545,0
"201",67,59,23,0.918232605383443,0,0,1,36,0.638888888888889,0
"202",59,46,22.7,1.22971548998946,1,0,0,36,0.638888888888889,0
"203",46,43,24.1,2.52772808586762,1,0,0,33,0.424242424242424,0
"204",43,73,24.8,0.363855421686747,0,0,1,33,0.393939393939394,0
"205",73,70,25.3,0.814382896015549,0,0,0,27,0.37037037037037,0
"206",70,51,24,1.97506234413965,0,0,0,27,0.259259259259259,0
"207",51,0,24.9,1.33484162895928,0,0,1,32,0.21875,0
"208",81,41,25.9,0.906269925611052,1,0,0,35,0.542857142857143,0
"209",41,0,25.9,0.53840830449827,0,0,0,37,0.486486486486487,1
"210",33,0,26.9,0.112478235635519,0,0,0,39,0.487179487179487,1
"211",28,48,25.5,0.682483370288248,1,0,0,33,0.393939393939394,0
"212",48,55,24.9,0.590600059119125,1,0,1,33,0.363636363636364,0
"213",55,49,25.4,0.587397260273973,0,0,0,27,0.37037037037037,0
"214",49,53,26,0.768918232605383,0,0,0,25,0.52,0
"215",53,47,25.6,0.228661749209694,0,0,1,26,0.384615384615385,0
"216",47,0,25.8,1.07155635062612,0,0,0,30,0.333333333333333,1
"217",29,0,25.2,0.684159378036929,1,0,0,29,0.172413793103448,1
"218",60,62,22.5,2.26546227417641,0,0,0,44,0.568181818181818,0
"219",62,84,23.4,3.56318339100346,1,0,1,35,0.6,0
"220",84,61,23.8,1.81015209822247,0,0,0,31,0.709677419354839,0
"221",61,52,22.8,2.34139680062427,1,0,1,38,0.5,0
"222",52,58,25,3.25467625899281,0,0,0,28,0.571428571428571,0
"223",58,63,23.5,4.73038516405135,1,0,1,42,0.595238095238095,0
"224",63,86,24.4,2.08690744920993,0,0,1,30,0.8,0
"225",86,76,23.9,2.42565130260521,0,1,1,28,0.857142857142857,0
"226",76,68,22.5,2.14823070493174,0,0,1,40,0.625,0
"227",68,82,23.6,2.56057629338572,0,0,1,34,0.705882352941177,0
"228",82,58,23.9,2.73357664233577,0,0,1,32,0.71875,0
"229",58,60,23.9,4.73438245112065,1,0,1,34,0.705882352941177,0
"230",60,64,23.6,1.54381892048752,0,0,1,32,0.71875,0
"231",64,80,23.9,2.77225672877847,0,0,1,29,0.689655172413793,0
"232",80,69,25.1,1.180044345898,1,0,1,27,0.62962962962963,0
"233",69,67,24.5,1.70854271356784,1,0,1,30,0.7,0
"234",67,54,24.2,4.76931506849315,0,0,0,33,0.696969696969697,0
"235",54,65,23.8,1.15490096495683,1,0,1,35,0.571428571428571,0
"236",65,68,23.9,1.66174920969442,0,0,1,32,0.5,0
"237",68,71,23.5,0.53309481216458,0,0,0,27,0.407407407407407,0
"238",71,74,24.2,1.9710843373494,0,0,1,30,0.4,0
"239",74,60,24.3,1.95918367346939,0,0,0,26,0.423076923076923,0
"240",60,59,25,2.11970074812968,1,0,0,31,0.387096774193548,0
"241",59,0,24.6,1.5972850678733,0,0,0,31,0.451612903225806,0
"242",66,79,24.4,3.82082890541977,0,0,0,38,0.710526315789474,0
"243",79,86,25.4,2.07778546712803,0,0,1,36,0.805555555555556,0
"244",86,78,25.7,3.61370716510903,1,0,1,27,0.777777777777778,0
"245",78,89,24,2.05462348809988,0,0,1,38,0.710526315789474,0
"246",89,71,24.7,4.45410071942446,0,0,1,34,0.647058823529412,0
"247",71,67,23.4,8.8490727532097,0,0,1,45,0.6,0
"248",67,50,24.1,7.06602708803612,0,0,0,40,0.6,0
"249",50,55,24,5.36072144288577,1,0,1,32,0.625,0
"250",55,42,23.6,1.84619671217609,1,0,0,30,0.633333333333333,0
"251",42,43,24.4,0.41781270464964,0,0,0,29,0.482758620689655,0
"252",43,52,24.7,0.773722627737226,0,0,0,28,0.5,0
"253",52,41,25.4,0.12207916070577,1,0,0,29,0.586206896551724,0
"254",41,51,25.7,1.63435867672664,0,0,1,33,0.727272727272727,0
"255",51,0,24.9,3.84989648033126,0,0,0,37,0.756756756756757,1
"256",34,0,24.9,0.727165237954478,0,0,0,36,0.666666666666667,1
"257",38,49,24.6,1.20481927710843,1,0,0,32,0.5,0
"258",49,45,25.8,0.41399416909621,0,0,0,28,0.357142857142857,0
"259",45,57,25,3.21695760598504,1,0,0,34,0.382352941176471,0
"260",57,0,24.3,0.221266968325792,0,0,0,24,0.375,0
"261",66,70,22.5,2.64123273113709,0,0,0,44,0.522727272727273,0
"262",70,64,23.9,4.59653979238754,1,0,0,43,0.558139534883721,0
"263",64,89,24.9,2.42880703683342,1,0,1,34,0.676470588235294,0
"264",89,89,24.1,2.53531018337885,0,0,1,36,0.583333333333333,0
"265",89,80,23.6,3.04805755395683,0,0,1,41,0.536585365853659,0
"266",80,85,24.1,1.42139800285307,0,0,1,43,0.651162790697674,0
"267",85,90,25,1.31433408577878,0,1,1,33,0.666666666666667,0
"268",90,87,24.3,1.54148296593186,0,1,1,31,0.645161290322581,0
"269",87,89,24.2,2.45137921426581,0,1,1,33,0.575757575757576,0
"270",89,83,24.2,1.51407989521938,0,0,1,33,0.545454545454545,0
"271",83,77,24.9,1.97299270072993,0,0,1,29,0.689655172413793,0
"272",77,75,24.2,4.96518836432999,0,0,1,32,0.6875,0
"273",75,83,23.3,5.42890307603018,0,0,1,30,0.6,0
"274",83,77,25.3,4.24327122153209,0,0,1,27,0.555555555555556,0
"275",77,80,26.1,3.23592017738359,0,1,1,30,0.666666666666667,0
"276",80,91,24.9,0.588235294117647,0,0,1,34,0.529411764705882,0
"277",91,79,24.2,0.740821917808219,0,1,1,37,0.540540540540541,0
"278",79,77,24.2,3.82021330624683,0,0,1,31,0.516129032258065,0
"279",77,75,24,1.21390937829294,0,0,1,31,0.451612903225806,0
"280",75,82,23.2,1.70661896243292,0,0,1,30,0.466666666666667,0
"281",82,88,23.2,0.0589156626506024,0,0,1,27,0.37037037037037,0
"282",88,92,22.7,1.9533527696793,0,0,1,33,0.393939393939394,0
"283",92,84,24,3.60598503740648,0,0,1,30,0.366666666666667,0
"284",84,0,23.9,1.35746606334842,0,0,1,32,0.40625,0
"285",32,42,22.3,0.436072144288577,0,0,0,30,0.433333333333333,0
"286",42,46,23.6,1.19838395096127,0,0,0,30,0.466666666666667,0
"287",46,45,23.2,0.629338572364113,1,0,0,32,0.46875,0
"288",45,55,23.6,0.866423357664234,0,0,1,35,0.4,0
"289",55,48,24.6,0.547448736289938,0,0,1,31,0.419354838709677,0
"290",48,49,24.3,1.00638421358096,0,0,0,35,0.457142857142857,0
"291",49,45,24,3.29089026915114,0,0,0,32,0.46875,0
"292",45,42,26.5,0.855875831485588,1,0,0,35,0.485714285714286,0
"293",42,52,26,1.79012710611883,0,0,0,34,0.470588235294118,0
"294",52,51,25,0.699178082191781,1,0,0,34,0.470588235294118,0
"295",51,0,25.5,1.04215337734891,0,0,0,31,0.419354838709677,1
"296",39,43,25.9,2.49016100178891,0,0,0,34,0.441176470588235,0
"297",43,0,25.2,1.33132530120482,0,0,0,30,0.366666666666667,1
"298",44,0,24.8,1.2262443438914,0,0,0,26,0.384615384615385,0
"299",37,39,23.6,1.9557917109458,1,0,0,42,0.642857142857143,0
"300",39,49,22.9,1.05937716262976,1,0,0,42,0.619047619047619,0
"301",49,41,24.4,0.118380062305296,0,0,0,33,0.787878787878788,0
"302",41,65,24.1,1.07686305111198,0,0,1,36,0.694444444444444,0
"303",65,46,24.1,1.27424460431655,0,0,0,35,0.6,0
"304",46,0,23.7,0.677888730385164,0,0,0,38,0.447368421052632,1
"305",34,43,24.8,1.19839679358717,1,0,0,32,0.625,0
"306",43,43,25.1,0.896349958205628,1,0,0,29,0.655172413793103,0
"307",43,58,25,1.77406679764244,0,0,1,30,0.633333333333333,0
"308",58,44,25.6,3.8,1,0,0,25,0.52,0
"309",44,56,24.7,2.38721983786361,1,0,1,31,0.483870967741935,0
"310",56,69,23.5,0,0,0,1,31,0.387096774193548,0
"311",69,71,23.4,3.04037267080745,0,0,1,33,0.515151515151515,0
"312",71,51,23.9,1.19068736141907,0,0,0,30,0.633333333333333,0
"313",51,52,23.4,1.30180313331363,0,0,0,37,0.675675675675676,0
"314",52,46,25.1,2.46356164383562,1,0,1,35,0.685714285714286,0
"315",46,44,24.6,3.57034027425089,1,0,0,34,0.617647058823529,0
"316",44,68,24.1,3.00842992623815,0,0,1,39,0.512820512820513,0
"317",68,78,25.7,4.34883720930233,1,1,1,22,0.318181818181818,0
"318",78,72,25.3,2.47831325301205,0,0,0,24,0.375,0
"319",72,77,25,2.17687074829932,0,0,1,24,0.333333333333333,0
"320",77,0,25.4,2.13965087281796,0,0,0,28,0.321428571428571,1
"321",34,0,25.6,0.859086078639745,0,0,0,41,0.536585365853659,1
"322",33,44,26.2,0.936045446215869,1,0,0,29,0.586206896551724,0
"323",44,47,25.3,0.367538041357784,1,0,0,34,0.470588235294118,0
"324",47,0,24.5,0.74589928057554,0,0,0,29,0.413793103448276,1
"325",33,0,26,0.691463996185026,0,0,0,27,0.444444444444444,1
"326",43,53,24.3,0.47424684159378,0,0,0,27,0.37037037037037,0
"327",53,72,24.7,0.264837905236908,1,0,1,23,0.347826086956522,0
"328",72,0,24.8,0.384615384615385,1,0,0,21,0.428571428571429,0
"329",30,0,25.7,0.734382935500254,1,0,0,38,0.605263157894737,1
"330",34,58,24.9,1.47227191413238,0,0,0,33,0.393939393939394,0
"331",58,77,24.9,0.393975903614458,1,0,1,28,0.357142857142857,0
"332",77,0,24.8,1.10787172011662,0,0,0,24,0.375,1
"333",40,0,23.8,0.542986425339366,0,0,0,25,0.32,0
"334",40,49,25.7,0.265835411471322,0,0,0,26,0.230769230769231,0
"335",49,0,24.7,0.904977375565611,0,0,0,25,0.16,0
"336",19,41,25.4,0.506772009029345,0,0,0,45,0.644444444444444,0
"337",41,57,26.8,0.960721442885772,1,0,1,31,0.612903225806452,0
"338",57,54,25.4,1.37670660351073,1,0,0,28,0.678571428571429,0
"339",54,38,26.4,0.506876227897839,0,0,0,26,0.615384615384615,0
"340",38,39,26.1,1.02189781021898,0,0,0,35,0.8,0
"341",39,45,25.2,0.596089651883643,1,0,0,33,0.636363636363636,0
"342",45,0,25.8,1.16192687173535,1,0,0,37,0.702702702702703,1
"343",30,0,25.1,1.02283737024221,1,0,0,41,0.585365853658537,1
"344",25,37,28.1,1.66991806476785,0,0,0,33,0.545454545454545,0
"345",37,0,27,1.28287769784173,1,0,0,46,0.5,1
"346",33,60,24.8,0.540963855421687,0,0,0,28,0.321428571428571,0
"347",60,60,25.8,0.0594752186588921,0,0,0,24,0.291666666666667,0
"348",60,63,25.2,0.347630922693267,1,0,0,24,0.25,0
"349",63,0,25.3,0.0484162895927602,0,0,0,24,0.25,0
"350",28,0,25.6,0.358954350370659,1,0,0,31,0.709677419354839,1
"351",36,55,23.9,0.286709389802173,0,0,0,43,0.697674418604651,0
"352",55,0,24,0.513425016371971,0,0,0,34,0.676470588235294,1
"353",38,0,25.1,1.00327439423707,0,0,0,36,0.5,1
"354",42,52,25.6,0.432418952618454,0,0,0,28,0.285714285714286,0
"355",52,0,24.8,0.138461538461538,0,0,0,27,0.222222222222222,0
"356",31,46,25.5,0.764931506849315,1,0,0,32,0.53125,0
"357",46,44,25,0.398171660741493,1,0,0,31,0.548387096774194,0
"358",44,57,25.8,0.80927291886196,0,0,0,37,0.513513513513513,0
"359",57,40,26.1,0.826475849731664,1,0,0,24,0.333333333333333,0
"360",40,51,26,1.30602409638554,1,0,0,29,0.379310344827586,0
"361",51,64,25.7,0.736637512147716,0,0,0,25,0.24,0
"362",64,59,25.5,3.1072319201995,0,0,0,28,0.178571428571429,0
"363",59,0,25.7,1.23076923076923,0,0,1,28,0.214285714285714,0
"364",63,60,24.1,1.00446333687566,0,0,0,35,0.542857142857143,0
"365",60,56,23.5,2.25965397923875,1,0,0,37,0.540540540540541,0
"366",56,41,23.9,1.23364485981308,0,0,0,31,0.516129032258065,0
"367",41,0,24.3,1.37651190011705,1,0,0,37,0.432432432432432,1
"368",32,47,25,1.02718168812589,1,0,0,40,0.6,0
"369",47,52,25.5,0.885664538595473,1,0,1,34,0.588235294117647,0
"370",52,45,25.8,1.05590062111801,0,0,0,33,0.575757575757576,0
"371",45,52,26.7,0.729490022172949,0,0,0,33,0.515151515151515,0
"372",52,44,25.9,0,1,0,0,29,0.517241379310345,0
"373",44,41,25.8,0.318904109589041,1,0,0,36,0.444444444444444,0
"374",41,48,25.4,0.630777044184865,0,0,0,34,0.382352941176471,0
"375",48,41,24.4,0.553213909378293,1,0,0,37,0.405405405405405,0
"376",41,38,24.6,0.493738819320215,1,0,0,34,0.382352941176471,0
"377",38,54,24.5,0.228915662650602,1,0,0,25,0.24,0
"378",54,43,24.4,0.666666666666667,0,0,0,26,0.307692307692308,0
"379",43,50,25.5,1.07730673316708,1,0,0,31,0.225806451612903,0
"380",50,0,25.1,1.13574660633484,0,0,0,25,0.24,0
"381",51,54,26.3,0.969181721572795,0,0,0,31,0.774193548387097,0
"382",54,50,26.4,0.0423529411764706,0,0,0,30,0.766666666666667,0
"383",50,42,26.1,0.218068535825545,1,0,0,29,0.689655172413793,0
"384",42,45,27.6,0.785407725321888,0,0,0,29,0.551724137931034,0
"385",45,46,27.9,1.21323741007194,0,0,1,31,0.483870967741935,0
"386",46,47,27,1.02368045649073,0,0,0,33,0.606060606060606,0
"387",47,45,25.9,1.24943566591422,0,0,0,37,0.486486486486487,0
"388",45,0,26.6,1.15671342685371,0,0,0,29,0.517241379310345,1
"389",39,38,25.5,1.19319872476089,0,0,0,42,0.642857142857143,0
"390",38,38,24.8,0.452041522491349,1,0,0,34,0.588235294117647,0
"391",38,39,24.9,1.05625801722558,1,0,0,37,0.756756756756757,0
"392",39,45,25.4,1.27038626609442,1,0,0,31,0.580645161290323,0
"393",45,47,25,1.38187050359712,0,0,0,33,0.545454545454545,0
"394",47,44,23.7,1.41169757489301,1,0,0,39,0.512820512820513,0
"395",44,36,24.5,2.21162528216704,1,0,0,38,0.684210526315789,0
"396",36,39,24.9,1.12785571142285,0,0,0,31,0.67741935483871,0
"397",39,0,24.2,1.52326553357481,1,0,0,42,0.738095238095238,1
"398",15,0,23.4,0.367883211678832,1,0,0,28,0.642857142857143,1
"399",19,40,24.4,2.58488612836439,1,0,0,42,0.642857142857143,0
"400",40,57,25.2,1.0159645232816,1,0,0,29,0.758620689655172,0
"401",57,58,24.3,0.953000295595625,0,0,0,36,0.611111111111111,0
"402",58,0,24.4,1.10575342465753,0,0,0,33,0.515151515151515,1
"403",40,0,25.8,0.851520572450805,0,0,0,30,0.3,1
"404",47,56,24.8,0.400425079702444,1,0,0,36,0.805555555555556,0
"405",56,42,24.3,0.977162629757785,1,0,0,36,0.833333333333333,0
"406",42,46,25.5,0.7601246105919,1,0,1,31,0.870967741935484,0
"407",46,47,25.9,0.678891923527117,1,0,0,29,0.862068965517241,0
"408",47,0,24.8,0.628489208633094,0,0,0,32,0.8125,1
"409",30,0,26.7,0.738154613466334,1,0,0,27,0.296296296296296,1
"410",70,64,22.7,1.2826780021254,0,0,0,31,0.516129032258065,0
"411",64,69,23.7,1.14048442906574,1,0,1,42,0.595238095238095,0
"412",69,72,23.4,3.76543888583471,0,0,1,36,0.583333333333333,0
"413",72,69,25.1,2.42918454935622,1,0,1,35,0.457142857142857,0
"414",69,62,24.2,0.462158273381295,0,0,1,49,0.489795918367347,0
"415",62,70,24.7,1.29015691868759,0,0,1,38,0.552631578947368,0
"416",70,51,23.3,1.9334085778781,0,0,0,41,0.48780487804878,0
"417",51,46,22.5,4.85290581162325,0,0,1,35,0.514285714285714,0
"418",46,60,23.7,2.22986904430203,1,0,1,34,0.588235294117647,0
"419",60,65,23.1,3.39554682383759,1,0,1,37,0.540540540540541,0
"420",65,52,24.5,2.26496350364964,0,0,0,30,0.5,0
"421",52,45,23.3,3.8206962327134,1,0,0,36,0.555555555555556,0
"422",45,50,24.1,2.93557748113755,1,0,0,31,0.548387096774194,0
"423",50,50,25.4,0.924430641821946,0,0,0,32,0.59375,0
"424",50,49,27.2,1.05720620842572,0,0,0,26,0.5,0
"425",49,53,24.3,1.29352645580845,1,0,0,34,0.5,0
"426",53,47,24.9,1.58356164383562,0,0,1,34,0.470588235294118,0
"427",47,44,25.9,0.844083291010665,1,0,0,34,0.5,0
"428",44,46,25.1,1.58587987355111,1,0,0,36,0.5,0
"429",46,61,24.3,0.797853309481216,1,0,0,33,0.393939393939394,0
"430",61,62,23.2,1.36867469879518,0,0,0,35,0.314285714285714,0
"431",62,45,24.4,1.59378036929057,0,0,0,28,0.357142857142857,0
"432",45,59,23,1.74563591022444,1,0,0,36,0.277777777777778,0
"433",59,0,22.6,2.57918552036199,1,0,0,32,0.3125,0
"434",45,0,26.4,1.50903294367694,1,0,0,39,0.871794871794872,1
"435",28,0,23.1,0.584806810740013,0,0,0,41,0.48780487804878,1
"436",24,0,24.3,0.33972602739726,0,0,0,31,0.483870967741935,1
"437",43,44,25.4,0.775132837407014,0,0,0,35,0.6,0
"438",44,36,25.5,0.585467128027682,1,0,0,34,0.588235294117647,0
"439",36,49,26.6,0.489279824079164,1,0,0,30,0.666666666666667,0
"440",49,47,25.7,0.165821303160359,1,0,0,29,0.689655172413793,0
"441",47,47,25,0.44431654676259,0,0,0,36,0.611111111111111,0
"442",47,0,24.3,0.671041369472183,1,0,0,37,0.621621621621622,1
"443",32,0,24.6,0.70060120240481,0,0,0,30,0.7,1
"444",30,34,25.3,0.94963503649635,1,0,0,31,0.451612903225806,0
"445",34,0,26.1,1.28469241773963,0,0,0,29,0.551724137931034,1
"446",26,0,25.7,1.49171842650104,0,0,0,27,0.444444444444444,1
"447",62,47,23.2,0.952178533475027,1,0,0,50,0.52,0
"448",47,40,24.8,0.827128027681661,0,0,0,36,0.583333333333333,0
"449",40,46,25.3,0.747663551401869,0,0,0,42,0.5,0
"450",46,0,25.1,0.792430745220445,0,0,0,34,0.5,1
"451",33,35,25.1,0.767475035663338,1,0,0,39,0.58974358974359,0
"452",35,51,23.8,1.03837471783296,0,0,0,35,0.542857142857143,0
"453",51,49,24.3,0.545090180360721,1,0,0,26,0.538461538461538,0
"454",49,41,25,1.10365004179437,0,0,0,33,0.393939393939394,0
"455",41,55,25.1,3.88801571709234,0,0,1,33,0.393939393939394,0
"456",55,0,25.3,1.33941605839416,1,0,0,26,0.423076923076923,1
"457",42,53,25.8,0.0351966873706004,1,0,0,34,0.470588235294118,0
"458",53,42,27.3,0.874944567627495,1,0,0,30,0.633333333333333,0
"459",42,55,25.1,0.40969553650606,0,0,0,39,0.58974358974359,0
"460",55,57,26.2,1.41041095890411,0,0,1,31,0.483870967741935,0
"461",57,56,25.6,0.957846622651092,0,0,0,36,0.416666666666667,0
"462",56,42,25.1,1.12855637513172,0,0,0,36,0.472222222222222,0
"463",42,51,26.5,2.00715563506261,0,0,0,36,0.5,0
"464",51,50,25.8,0.457831325301205,0,0,0,35,0.485714285714286,0
"465",50,52,26.6,0.987366375121477,1,0,0,27,0.259259259259259,0
"466",52,0,26.4,1.47630922693267,0,0,0,27,0.148148148148148,1
"467",36,43,25,0.349200156067109,0,0,0,35,0.8,0
"468",43,42,25.4,0.605467625899281,0,0,0,29,0.758620689655172,0
"469",42,36,24,0.732667617689016,0,0,0,35,0.714285714285714,0
"470",36,45,25.4,0.88431151241535,1,0,0,35,0.771428571428571,0
"471",45,40,25.7,0.82124248496994,0,0,0,25,0.72,0
"472",40,38,25.5,0.424073558094177,1,0,0,29,0.655172413793103,0
"473",38,51,26,1.42763588736084,1,0,0,29,0.620689655172414,0
"474",51,0,27.4,0.978102189781022,0,0,0,28,0.642857142857143,1
"475",33,42,25.4,0.768219178082192,1,0,0,34,0.647058823529412,0
"476",42,44,25.3,1.44641950228542,0,0,0,31,0.612903225806452,0
"477",44,56,25.6,0.426765015806112,0,0,0,32,0.5625,0
"478",56,41,25.6,0.400715563506261,0,0,0,26,0.538461538461538,0
"479",41,56,26,0.0748192771084337,0,0,0,30,0.433333333333333,0
"480",56,65,25.4,0.443148688046647,0,0,0,30,0.4,0
"481",65,54,24.8,0.24788029925187,0,0,0,26,0.307692307692308,0
"482",54,0,24.1,0.506787330316742,0,0,0,30,0.333333333333333,0
"483",25,40,24.1,0.589352517985612,1,0,0,35,0.657142857142857,0
"484",40,38,23.7,0.976319543509272,0,0,0,42,0.547619047619048,0
"485",38,0,24.1,0.932844243792325,0,0,0,37,0.513513513513513,1
"486",33,0,26.2,0.973882762623331,0,0,0,34,0.647058823529412,1
